0.022527	8037.715761	1962.117435	2.315024
0.014660	8041.079847	1962.110825	4.275639
0.041177	8046.404745	1961.671587	6.183505
0.090218	8053.454194	1961.028581	7.825051
0.113066	8062.256806	1959.966746	9.724508
0.201271	8070.849802	1958.066953	7.450978
0.226352	8076.656078	1956.699336	4.770672
0.232606	8080.174324	1955.875705	2.751039
0.233613	8080.859615	1955.707741	0.000000
0.233613	8080.859615	1955.707741	0.000000
0.233613	8080.859615	1955.707741	0.000000
0.233613	8080.859615	1955.707741	0.000000
0.233613	8080.859615	1955.707741	0.000000
0.233613	8080.859615	1955.707741	0.000000
0.233613	8080.859615	1955.707741	0.000000
0.233613	8080.859615	1955.707741	0.000000
0.233613	8080.859615	1955.707741	0.000000
0.233613	8080.859615	1955.707741	0.000000
0.233613	8080.859615	1955.707741	0.000000
0.233613	8080.859615	1955.707741	0.000000
0.233613	8080.859615	1955.707741	0.000000
0.233613	8080.859615	1955.707741	0.000000
0.233613	8080.859615	1955.707741	0.000000
0.233613	8080.859615	1955.707741	0.000000
0.233613	8080.859615	1955.707741	0.000000
0.233613	8080.859615	1955.707741	0.000000
0.233613	8080.859615	1955.707741	0.000000
0.233613	8080.859615	1955.707741	0.000000
0.233049	8081.930482	1955.445274	2.199957
0.231366	8085.128027	1954.661562	4.241797
0.240360	8090.406132	1953.367909	6.350146
0.245585	8097.638096	1951.530817	8.432710
0.321710	8106.615683	1948.350042	10.464927
0.560879	8116.334265	1942.154692	12.457107
0.635725	8127.316552	1934.050648	14.621434
0.635725	8139.046352	1925.395001	14.597605
0.635725	8150.767698	1916.745591	14.545773
0.635725	8162.502550	1908.086216	14.582244
0.635725	8174.231773	1899.430994	14.588004
0.635725	8185.979812	1890.761887	14.532318
0.635725	8197.719961	1882.098602	14.603227
0.529188	8210.132673	1874.522538	14.509018
0.501740	8222.906418	1867.515320	14.625352
0.501740	8235.683682	1860.506171	14.544333
0.501740	8248.446593	1853.504896	14.555200
0.561787	8260.851297	1845.880517	14.560552
0.633417	8272.589059	1837.260767	14.596326
0.633417	8284.326858	1828.640989	14.550262
0.633417	8296.072400	1820.015526	14.538620
0.633417	8307.803934	1811.400350	14.579311
0.633417	8319.563403	1802.764658	14.508807
0.633417	8330.753984	1794.546736	12.547104
0.633417	8339.442951	1788.165901	9.379968
0.555675	8346.049679	1784.458662	6.418963
0.414280	8350.794200	1783.023785	3.845100
0.253576	8354.776725	1782.393875	5.095746
-0.206449	8358.705609	1785.455477	7.286928
-1.655288	8356.508849	1793.471397	9.234382
-1.842699	8353.724043	1803.459656	11.279003
-1.842699	8350.726910	1814.209466	9.954376
-1.676071	8350.479296	1822.422180	6.973993
-1.337875	8352.912430	1827.145478	4.359522
-1.173713	8354.812838	1829.766226	2.451262
-1.091563	8355.772914	1831.090212	1.142667
-1.056841	8356.185054	1831.658572	0.459843
-1.043548	8356.344192	1831.878030	0.165491
-1.038844	8356.400702	1831.955960	0.059331
-1.037157	8356.421004	1831.983958	0.021306
-1.036551	8356.428296	1831.994014	0.007532
-1.036335	8356.430893	1831.997595	0.002717
-1.036257	8356.431826	1831.998882	0.000936
-1.036230	8356.432160	1831.999342	0.000349
-1.036220	8356.432279	1831.999507	0.000126
-1.036216	8356.432322	1831.999566	0.000044
-1.036215	8356.432337	1831.999587	0.000016
-1.036214	8356.432343	1831.999594	0.000006
-1.036214	8356.432345	1831.999597	0.000002
-1.036214	8356.432345	1831.999598	0.000001
-1.036214	8356.432346	1831.999598	0.000000
-1.036214	8356.432346	1831.999598	0.000000
-1.036214	8356.432346	1831.999599	0.000000
-1.036214	8356.432346	1831.999599	0.000000
-1.036214	8356.432346	1831.999599	0.000000
-1.036214	8356.432346	1831.999599	0.000000
-1.036214	8356.432346	1831.999599	0.000000
-1.036214	8356.432346	1831.999599	0.000000
-1.036214	8356.432346	1831.999599	0.000000
-1.036214	8356.432346	1831.999599	0.000000
-1.036214	8356.432346	1831.999599	0.000000
-1.036214	8356.432346	1831.999599	0.000000
-1.036214	8356.432346	1831.999599	0.000000
-1.036214	8356.432346	1831.999599	0.000000
-1.036214	8356.432346	1831.999599	0.000000
-1.036214	8356.432346	1831.999599	0.000000
-1.036214	8356.432346	1831.999599	0.000000
-1.036214	8356.432346	1831.999599	0.000000
-1.036214	8356.432346	1831.999599	0.000000
-1.036214	8356.432346	1831.999599	0.000000
-1.036214	8356.432346	1831.999599	0.000000
-1.036214	8356.432346	1831.999599	0.000000
-1.036214	8356.432346	1831.999599	0.000000
-1.036214	8356.432346	1831.999599	0.000000
-1.036214	8356.432346	1831.999599	0.000000
-1.036214	8356.432346	1831.999599	0.000000
-1.036214	8356.432346	1831.999599	0.000000
-1.036214	8356.432346	1831.999599	0.000000
-1.034959	8356.447460	1832.020442	0.257453
-0.958745	8357.375853	1833.259321	2.457635
-0.928972	8359.552752	1836.008000	4.447143
-0.894559	8363.144601	1840.258702	6.406970
-0.850119	8368.117126	1845.837824	8.389695
-0.838016	8374.419638	1852.852691	10.356294
-1.472439	8375.372612	1863.780847	12.380498
-2.235895	8367.866046	1874.228058	14.244510
-2.409358	8357.039620	1883.960478	14.522440
-2.409358	8346.211322	1893.694581	14.596017
-2.409358	8335.371210	1903.439304	14.636760
-2.409358	8324.543945	1913.172479	14.587511
-2.409358	8313.689449	1922.930133	14.636855
-2.409358	8302.859012	1932.666159	14.544377
-2.409358	8292.023940	1942.406351	14.567581
-2.365566	8281.570921	1952.508355	14.596382
-2.290985	8271.968587	1963.452409	14.553732
-2.290985	8262.363949	1974.399089	14.557855
-2.290985	8252.749646	1985.356785	14.592388
-2.150588	8244.653408	1997.460548	14.556702
-2.150588	8236.671092	2009.649697	14.559974
-2.150588	8228.700364	2021.821152	14.588722
-2.150588	8220.715492	2034.014205	14.619497
-2.228668	8211.978526	2045.651586	14.594749
-2.319732	8202.107385	2056.270171	13.951858
-2.336658	8193.735377	2064.977809	10.608659
-2.326924	8187.711706	2071.438943	7.471054
-2.319792	8183.599605	2075.783775	4.762926
-2.327427	8181.100103	2078.367903	2.665213
-2.328785	8180.646910	2078.844418	0.000000
-2.328785	8180.646910	2078.844418	0.000000
-2.328785	8180.646910	2078.844418	0.000000
-2.328785	8180.646910	2078.844418	0.000000
-2.328785	8180.646910	2078.844418	0.000000
-2.328785	8180.646910	2078.844418	0.000000
-2.328785	8180.646910	2078.844418	0.000000
-2.328785	8180.646910	2078.844418	0.000000
-2.328785	8180.646910	2078.844418	0.000000
-2.328785	8180.646910	2078.844418	0.000000
-2.328785	8180.646910	2078.844418	0.000000
-2.328785	8180.646910	2078.844418	0.000000
-2.328785	8180.646910	2078.844418	0.000000
-2.328785	8180.646910	2078.844418	0.000000
-2.328785	8180.646910	2078.844418	0.000000
-2.328785	8180.646910	2078.844418	0.000000
-2.328785	8180.646910	2078.844418	0.000000
-2.328785	8180.646910	2078.844418	0.000000
-2.328785	8180.646910	2078.844418	0.000000
-2.328785	8180.646910	2078.844418	0.000000
-2.330967	8179.919080	2079.609702	2.025552
-2.336513	8177.725213	2081.916466	4.101049
-2.331981	8174.095677	2085.736591	6.163650
-2.324396	8169.217615	2090.978858	8.098657
-2.320223	8162.940526	2097.724605	10.131638
-2.320223	8155.324791	2105.908944	12.003482
-2.461129	8145.350627	2114.160878	13.742495
-2.501407	8133.799723	2122.764363	14.522297
-2.501407	8122.123812	2131.460957	14.585544
-2.501407	8110.459932	2140.148590	14.550668
-2.593743	8098.132803	2147.950925	14.580684
-2.599160	8085.657871	2155.470076	14.557729
-2.599160	8073.174466	2162.994335	14.604908
-2.599160	8060.702616	2170.511629	14.548140
-2.599160	8048.220734	2178.034969	14.522874
-2.599160	8035.721196	2185.568952	14.582011
-2.599160	8023.241353	2193.091064	14.538293
-2.599160	8010.752817	2200.618415	14.576288
-2.599160	7998.282824	2208.134590	14.611472
-2.543154	7986.158581	2216.225150	14.620495
-2.473561	7974.721938	2225.249287	14.555134
-2.473561	7963.283813	2234.274594	14.618344
-2.473561	7951.832222	2243.310525	14.567864
-2.427064	7940.762879	2252.781380	14.377046
-2.427064	7931.323856	2260.969106	10.924278
-2.330785	7925.143526	2267.853337	7.887964
-2.277438	7921.051418	2272.649981	5.095464
-2.276875	7918.552764	2275.584996	2.923805
-2.276710	7917.822170	2276.443180	0.000000
-2.276710	7917.822170	2276.443180	0.000000
-2.276710	7917.822170	2276.443180	0.000000
-2.276710	7917.822170	2276.443180	0.000000
-2.276710	7917.822170	2276.443180	0.000000
-2.276710	7917.822170	2276.443180	0.000000
-2.276710	7917.822170	2276.443180	0.000000
-2.276710	7917.822170	2276.443180	0.000000
-2.276710	7917.822170	2276.443180	0.000000
-2.276710	7917.822170	2276.443180	0.000000
-2.276710	7917.822170	2276.443180	0.000000
-2.276710	7917.822170	2276.443180	0.000000
-2.276710	7917.822170	2276.443180	0.000000
-2.276710	7917.822170	2276.443180	0.000000
-2.276710	7917.822170	2276.443180	0.000000
-2.276710	7917.822170	2276.443180	0.000000
-2.276710	7917.822170	2276.443180	0.000000
-2.276710	7917.822170	2276.443180	0.000000
-2.276710	7917.822170	2276.443180	0.000000
-2.276710	7917.822170	2276.443180	0.000000
-2.276611	7917.383696	2276.958228	1.670591
-2.276193	7915.530320	2279.135275	3.832123
-2.276795	7912.328446	2282.882708	5.722761
-2.279074	7907.983130	2287.944684	7.568898
-2.255562	7902.567914	2294.705700	9.567255
-2.174205	7896.562411	2303.420039	11.482901
-2.174205	7889.373338	2313.851808	13.536015
-2.174205	7881.230276	2325.667871	14.531919
-2.174205	7872.961465	2337.666403	14.540248
-2.174205	7864.693899	2349.663129	14.631175
-2.174205	7856.419832	2361.669288	14.567435
-2.354643	7846.606346	2372.169210	14.532410
-2.515906	7834.787516	2380.708651	14.594905
-2.515906	7822.966622	2389.249582	14.594467
-2.439788	7811.713190	2398.507875	14.614069
-2.352293	7801.398728	2408.586007	14.636380
-2.109519	7793.926485	2421.087793	14.541757
-2.109519	7786.447376	2433.601067	14.618569
-2.109519	7778.952208	2446.141208	14.617901
-2.077023	7771.821901	2458.830272	14.545586
-2.030448	7765.361210	2471.881786	14.547758
-2.030448	7758.902116	2484.930073	14.560017
-1.782592	7755.249792	2498.916915	14.572933
-1.749537	7752.657358	2513.265983	14.624510
-1.548124	7752.550732	2527.790289	14.550561
-1.696413	7751.112646	2542.078148	13.912063
-1.980601	7746.309036	2553.141837	10.522730
-2.021056	7742.435263	2561.093778	7.498900
-2.078758	7739.274860	2566.162207	4.796371
-2.124335	7737.259821	2569.149768	2.750754
-2.133571	7736.862120	2569.732437	0.000000
-2.133571	7736.862120	2569.732437	0.000000
-2.133571	7736.862120	2569.732437	0.000000
-2.133571	7736.862120	2569.732437	0.000000
-2.133571	7736.862120	2569.732437	0.000000
-2.133571	7736.862120	2569.732437	0.000000
-2.133571	7736.862120	2569.732437	0.000000
-2.133571	7736.862120	2569.732437	0.000000
-2.133571	7736.862120	2569.732437	0.000000
-2.133571	7736.862120	2569.732437	0.000000
-2.133571	7736.862120	2569.732437	0.000000
-2.133571	7736.862120	2569.732437	0.000000
-2.133571	7736.862120	2569.732437	0.000000
-2.133571	7736.862120	2569.732437	0.000000
-2.133571	7736.862120	2569.732437	0.000000
-2.133571	7736.862120	2569.732437	0.000000
-2.133571	7736.862120	2569.732437	0.000000
-2.133571	7736.862120	2569.732437	0.000000
-2.133571	7736.862120	2569.732437	0.000000
-2.133571	7736.862120	2569.732437	0.000000
-2.144075	7736.250863	2570.627983	2.121863
-2.161551	7734.412805	2573.320906	4.150836
-2.169716	7731.497792	2577.591667	6.078775
-2.193892	7727.393979	2583.090079	6.743318
-2.242239	7723.968171	2587.082971	4.120190
-2.278311	7721.409218	2590.065515	4.815892
-2.243601	7717.829721	2594.905440	6.883450
-1.738532	7718.423073	2602.070680	8.682300
-0.974911	7724.268443	2610.634960	10.502936
-0.598130	7733.879747	2617.175602	12.464577
-0.549903	7745.552782	2624.361916	14.629436
-0.513289	7759.387210	2632.313272	16.782231
-0.474504	7773.455706	2639.626095	14.320705
-0.437896	7784.679268	2644.889442	10.906446
-0.391245	7793.204300	2648.278841	7.829972
-0.370809	7799.026111	2650.536360	5.063251
-0.364528	7802.596850	2651.847560	2.907546
-0.362715	7803.472651	2652.165651	0.000000
-0.362715	7803.472651	2652.165651	0.000000
-0.362715	7803.472651	2652.165651	0.000000
-0.362715	7803.472651	2652.165651	0.000000
-0.362715	7803.472651	2652.165651	0.000000
-0.362715	7803.472651	2652.165651	0.000000
-0.362715	7803.472651	2652.165651	0.000000
-0.362715	7803.472651	2652.165651	0.000000
-0.362715	7803.472651	2652.165651	0.000000
-0.362715	7803.472651	2652.165651	0.000000
-0.362715	7803.472651	2652.165651	0.000000
-0.362715	7803.472651	2652.165651	0.000000
-0.362715	7803.472651	2652.165651	0.000000
-0.362715	7803.472651	2652.165651	0.000000
-0.362715	7803.472651	2652.165651	0.000000
-0.362715	7803.472651	2652.165651	0.000000
-0.362715	7803.472651	2652.165651	0.000000
-0.362715	7803.472651	2652.165651	0.000000
-0.362715	7803.472651	2652.165651	0.000000
-0.362715	7803.472651	2652.165651	0.000000
-0.361033	7804.285153	2652.460752	1.870432
-0.355409	7807.101352	2653.483428	3.891552
-0.348322	7811.836566	2655.202609	5.861258
-0.341375	7818.289449	2657.457319	7.669573
-0.297224	7826.676118	2659.937991	9.509949
-0.229585	7837.072729	2662.286806	11.507041
-0.195432	7849.353250	2664.726948	13.357511
-0.195513	7863.579803	2667.544411	15.371339
-0.117397	7880.016078	2669.536690	17.398904
-0.098543	7897.463827	2671.334385	17.454929
-0.089342	7914.939709	2672.915537	17.498335
-0.077108	7932.429642	2674.263452	17.556094
-0.167322	7949.707217	2677.181648	17.469025
-0.295132	7966.527674	2682.120583	17.459474
-0.256359	7981.546380	2686.198435	13.928846
-0.207622	7993.567115	2688.732203	10.550899
-0.135209	8002.561076	2689.811573	7.554497
-0.067885	8008.645466	2690.031805	4.783880
-0.021210	8012.322458	2689.824650	2.674854
-0.012624	8012.998429	2689.786567	0.000000
-0.012624	8012.998429	2689.786567	0.000000
-0.012624	8012.998429	2689.786567	0.000000
-0.012624	8012.998429	2689.786567	0.000000
-0.012624	8012.998429	2689.786567	0.000000
-0.012624	8012.998429	2689.786567	0.000000
-0.012624	8012.998429	2689.786567	0.000000
-0.012624	8012.998429	2689.786567	0.000000
-0.012624	8012.998429	2689.786567	0.000000
-0.012624	8012.998429	2689.786567	0.000000
-0.012624	8012.998429	2689.786567	0.000000
-0.012624	8012.998429	2689.786567	0.000000
-0.012624	8012.998429	2689.786567	0.000000
-0.012624	8012.998429	2689.786567	0.000000
-0.012624	8012.998429	2689.786567	0.000000
-0.012624	8012.998429	2689.786567	0.000000
-0.012624	8012.998429	2689.786567	0.000000
-0.012624	8012.998429	2689.786567	0.000000
-0.012624	8012.998429	2689.786567	0.000000
-0.012624	8012.998429	2689.786567	0.000000
0.001324	8014.096763	2689.724689	2.049364
0.071839	8017.201941	2689.066607	3.995743
0.172241	8022.179565	2687.853057	5.887685
0.269156	8028.905485	2685.839003	7.915532
0.291378	8037.302084	2683.366384	9.726800
0.253376	8047.449221	2680.738871	11.667248
-0.012327	8058.609425	2680.686245	13.590790
-1.599159	8059.612380	2692.610383	15.564346
-2.469955	8046.748552	2703.183638	17.546932
-2.552582	8032.173887	2712.921319	17.487372
-2.650539	8017.069120	2721.606456	17.450416
-2.721550	8001.083262	2728.746124	17.498113
-2.721550	7985.109666	2735.880315	17.483411
-2.721550	7969.128061	2743.018084	17.480052
-2.721550	7953.153050	2750.152908	17.476610
-2.810501	7936.613372	2755.846884	17.504616
-2.810501	7920.065971	2761.534972	17.563431
-2.810501	7903.509266	2767.226257	17.458864
-2.770500	7887.154611	2773.354483	17.465194
-2.658526	7871.646403	2781.475098	17.515645
-2.491715	7857.853320	2791.717400	16.217323
-2.358713	7847.736890	2801.782994	12.743456
-2.366700	7839.970348	2809.375290	9.420812
-2.363135	7834.455813	2814.857910	6.464069
-2.356354	7830.893867	2818.432376	4.034084
-2.354440	7828.980201	2820.352769	1.188240
-2.354440	7828.907735	2820.425489	0.000000
-2.354440	7828.907735	2820.425489	0.000000
-2.354440	7828.907735	2820.425489	0.000000
-2.354440	7828.907735	2820.425489	0.000000
-2.354440	7828.907735	2820.425489	0.000000
-2.354440	7828.907735	2820.425489	0.000000
-2.354440	7828.907735	2820.425489	0.000000
-2.354440	7828.907735	2820.425489	0.000000
-2.354440	7828.907735	2820.425489	0.000000
-2.354440	7828.907735	2820.425489	0.000000
-2.354440	7828.907735	2820.425489	0.000000
-2.354440	7828.907735	2820.425489	0.000000
-2.354440	7828.907735	2820.425489	0.000000
-2.354440	7828.907735	2820.425489	0.000000
-2.354440	7828.907735	2820.425489	0.000000
-2.354440	7828.907735	2820.425489	0.000000
-2.354440	7828.907735	2820.425489	0.000000
-2.354440	7828.907735	2820.425489	0.000000
-2.354440	7828.907735	2820.425489	0.000000
-2.354440	7828.854077	2820.479336	0.506943
-2.354440	7827.619468	2821.718284	2.695971
-2.349448	7825.031869	2824.399858	4.562070
-2.347676	7826.701164	2827.433007	6.378431
-2.334641	7821.611290	2832.762386	8.120589
-2.333212	7815.313907	2839.356093	9.926437
-2.333212	7807.660938	2847.369173	11.950385
-2.333212	7798.748268	2856.701230	13.651791
-2.373331	7788.138466	2867.074484	15.668280
-2.332254	7776.483223	2879.022114	17.453149
-2.185569	7765.804755	2892.767747	17.514892
-1.800745	7760.420000	2909.008573	17.446064
-1.340327	7763.386702	2926.117462	17.550948
-0.756941	7775.039781	2938.748029	17.450766
-0.254684	7789.767975	2946.774856	17.558421
0.073221	7807.613941	2946.074532	17.476522
0.284916	7824.882941	2941.424663	17.447287
0.295296	7841.996372	2936.280112	17.445673
0.336986	7858.632659	2930.521582	17.499287
0.364167	7874.959719	2924.298236	17.510625
0.364167	7891.292676	2918.072643	17.556644
0.364167	7907.606660	2911.854282	17.486466
0.428578	7923.578976	2904.777912	17.547017
0.552230	7938.737009	2896.230919	17.467031
0.580685	7953.358413	2886.637118	17.492022
0.580685	7966.297111	2878.147420	13.941048
0.580685	7976.336802	2871.559899	10.525373
0.586258	7983.662941	2866.673043	7.423912
0.610714	7988.457132	2863.177187	4.811353
0.625493	7991.354655	2861.064354	2.675410
0.628218	7991.889107	2860.674640	0.000000
0.628218	7991.889107	2860.674640	0.000000
0.628218	7991.889107	2860.674640	0.000000
0.628218	7991.889107	2860.674640	0.000000
0.628218	7991.889107	2860.674640	0.000000
0.628218	7991.889107	2860.674640	0.000000
0.628218	7991.889107	2860.674640	0.000000
0.628218	7991.889107	2860.674640	0.000000
0.628218	7991.889107	2860.674640	0.000000
0.628218	7991.889107	2860.674640	0.000000
0.628218	7991.889107	2860.674640	0.000000
0.628218	7991.889107	2860.674640	0.000000
0.628218	7991.889107	2860.674640	0.000000
0.628218	7991.889107	2860.674640	0.000000
0.628218	7991.889107	2860.674640	0.000000
0.628218	7991.889107	2860.674640	0.000000
0.628218	7991.889107	2860.674640	0.000000
0.628218	7991.889107	2860.674640	0.000000
0.628218	7991.889107	2860.674640	0.000000
0.628218	7991.889107	2860.674640	0.000000
0.630046	7992.766735	2860.034686	2.180346
0.630046	7995.337004	2858.160482	3.987422
0.630046	7999.478955	2855.140230	6.026561
0.630046	8005.091540	2851.047613	7.681897
0.630046	8012.192746	2845.869514	9.767913
0.630046	8020.950613	2839.483401	11.699435
0.630046	8031.326970	2831.917109	13.801246
0.630046	8043.323383	2823.169494	15.715606
0.630046	8056.834054	2813.317705	17.470809
0.630046	8070.949693	2803.024781	17.548970
0.573692	8085.438823	2793.292979	17.546684
0.511845	8100.672587	2784.734901	17.458944
0.511845	8115.888994	2776.186574	17.481812
0.511845	8131.121139	2767.629405	17.447441
0.511845	8146.351014	2759.073512	17.475282
0.511845	8161.584980	2750.515320	17.513224
0.511845	8176.812168	2741.960937	17.485007
0.511082	8192.053095	2733.409312	17.547898
0.501873	8207.373683	2725.002347	17.566905
0.388032	8223.151018	2717.878473	17.508598
0.133991	8240.357689	2715.295164	17.507635
-0.152528	8257.636588	2717.625659	17.322377
-0.714909	8269.747655	2725.721865	14.609423
-1.198205	8275.703593	2739.138045	14.589475
-1.004485	8283.521860	2751.370131	14.578602
-1.036840	8290.777934	2763.552834	13.226683
-1.029707	8296.603699	2773.239231	9.834217
-1.038873	8300.706341	2780.282730	6.821741
-1.062385	8303.251209	2785.060484	4.308472
-1.083360	8304.581135	2787.826320	1.778045
-1.084909	8304.695142	2788.063419	0.000000
-1.084909	8304.695142	2788.063419	0.000000
-1.084909	8304.695142	2788.063419	0.000000
-1.084909	8304.695142	2788.063419	0.000000
-1.084909	8304.695142	2788.063419	0.000000
-1.084909	8304.695142	2788.063419	0.000000
-1.084909	8304.695142	2788.063419	0.000000
-1.084909	8304.695142	2788.063419	0.000000
-1.084909	8304.695142	2788.063419	0.000000
-1.084909	8304.695142	2788.063419	0.000000
-1.084909	8304.695142	2788.063419	0.000000
-1.084909	8304.695142	2788.063419	0.000000
-1.084909	8304.695142	2788.063419	0.000000
-1.084909	8304.695142	2788.063419	0.000000
-1.084909	8304.695142	2788.063419	0.000000
-1.084909	8304.695142	2788.063419	0.000000
-1.084909	8304.695142	2788.063419	0.000000
-1.084909	8304.695142	2788.063419	0.000000
-1.084909	8304.695142	2788.063419	0.000000
-1.085054	8304.705852	2788.085693	0.247455
-1.093915	8305.358173	2789.442319	2.462905
-1.112666	8306.913365	2792.676638	4.489548
-1.112368	8309.452153	2797.673748	6.465747
-1.099526	8312.836007	2804.314417	8.364404
-1.095155	8317.152773	2812.670668	10.322908
-1.117988	8325.117983	2821.507809	12.347897
-1.130086	8330.888288	2833.742137	14.439034
-1.130086	8337.097373	2846.906779	14.566335
-1.268967	8341.498475	2860.788759	14.537043
-1.268967	8345.828146	2874.695264	14.512808
-1.268967	8350.164054	2888.621802	14.617720
-1.268967	8354.482524	2902.492330	14.559300
-1.268967	8358.813674	2916.403586	14.627068
-1.268967	8363.139822	2930.298776	14.550584
-1.268967	8367.472829	2944.215997	14.508188
-1.268967	8371.802696	2958.123132	14.619782
-1.268967	8376.133008	2972.031695	14.590160
-1.267690	8380.470192	2985.910801	14.546905
-1.260708	8384.914904	2999.769357	14.582533
-1.178906	8390.269156	3013.294587	14.535481
-1.178906	8395.841023	3026.777082	14.604695
-1.158758	8401.473870	3039.775238	13.133707
-1.044332	8407.126322	3049.501101	9.782822
-1.044332	8411.209749	3056.527227	6.752838
-1.037333	8413.965620	3061.102121	4.239480
-0.978468	8416.573918	3064.194170	4.972895
-0.579312	8422.359745	3065.748309	7.085327
0.012567	8431.490755	3065.193528	9.188064
0.543391	8440.373117	3059.823515	11.260596
0.548080	8450.881389	3053.408379	13.219097
0.533470	8463.110240	3046.186164	14.531923
0.546258	8475.572693	3038.647788	14.482982
0.567678	8486.169359	3031.890328	10.989912
0.558215	8494.074837	3026.983701	7.868856
0.571627	8499.349157	3023.429418	5.212446
0.589772	8502.541515	3021.217931	2.897583
0.595878	8503.471329	3020.571789	0.000000
0.595878	8503.471329	3020.571789	0.000000
0.595878	8503.471329	3020.571789	0.000000
0.595878	8503.471329	3020.571789	0.000000
0.595878	8503.471329	3020.571789	0.000000
0.595878	8503.471329	3020.571789	0.000000
0.595878	8503.471329	3020.571789	0.000000
0.595878	8503.471329	3020.571789	0.000000
0.595878	8503.471329	3020.571789	0.000000
0.595878	8503.471329	3020.571789	0.000000
0.595878	8503.471329	3020.571789	0.000000
0.595878	8503.471329	3020.571789	0.000000
0.595878	8503.471329	3020.571789	0.000000
0.595878	8503.471329	3020.571789	0.000000
0.595878	8503.471329	3020.571789	0.000000
0.595878	8503.471329	3020.571789	0.000000
0.595878	8503.471329	3020.571789	0.000000
0.595878	8503.471329	3020.571789	0.000000
0.595878	8503.471329	3020.571789	0.000000
0.595878	8503.471329	3020.571789	0.000000
0.599534	8504.028066	3020.184903	1.644490
0.605463	8506.243633	3018.645272	3.567523
0.607235	8510.083802	3015.976680	5.522650
0.582457	8515.625566	3012.488621	7.442042
0.558827	8522.887720	3007.947477	9.490333
0.558827	8531.830024	3002.355707	11.390147
0.558386	8542.347476	2995.785210	13.205579
0.545426	8554.491722	2988.415722	14.585704
0.545426	8566.967721	2980.844917	14.552934
0.551476	8579.379711	2973.228029	14.564955
0.556737	8591.750076	2965.528554	14.527536
0.537646	8604.203585	2958.049983	14.547539
0.520885	8616.847157	2950.795891	14.608957
0.520885	8629.485377	2943.544869	14.558444
0.520885	8642.093976	2936.310841	14.510073
0.520885	8654.732701	2929.059529	14.636230
0.520885	8667.375667	2921.805784	14.635070
0.520885	8680.024811	2914.548495	14.547712
0.523643	8692.666261	2907.257457	14.569664
0.550093	8705.086082	2899.641209	14.603918
0.550093	8717.495156	2892.031552	14.601441
0.550093	8729.922193	2884.410879	14.527412
0.550093	8742.346792	2876.791701	14.514717
0.550093	8754.774889	2869.170379	14.558626
0.548077	8767.200245	2861.579115	14.600796
0.540666	8779.697469	2854.076593	14.606927
0.540666	8792.186812	2846.578801	14.621628
0.540666	8804.694579	2839.069949	14.564215
0.540666	8817.190783	2831.568038	14.563420
0.540666	8829.683534	2824.068201	14.612881
0.547433	8842.156387	2816.485294	14.593110
0.570338	8854.448579	2808.653121	14.539790
0.537046	8866.911488	2801.130911	14.621430
0.520336	8879.561674	2793.900839	14.572351
0.545502	8892.009221	2786.346005	14.546147
0.525729	8904.587142	2778.989440	14.583124
0.514151	8915.685350	2772.720933	11.262680
0.514151	8923.934256	2768.061773	8.097467
0.521453	8929.565212	2764.780709	5.255354
0.522197	8933.056412	2762.798556	3.037340
0.524179	8934.114187	2762.173793	0.000000
0.524179	8934.114187	2762.173793	0.000000
0.524179	8934.114187	2762.173793	0.000000
0.524179	8934.114187	2762.173793	0.000000
0.524179	8934.114187	2762.173793	0.000000
0.524179	8934.114187	2762.173793	0.000000
0.524179	8934.114187	2762.173793	0.000000
0.524179	8934.114187	2762.173793	0.000000
0.524179	8934.114187	2762.173793	0.000000
0.524179	8934.114187	2762.173793	0.000000
0.524179	8934.114187	2762.173793	0.000000
0.524179	8934.114187	2762.173793	0.000000
0.524179	8934.114187	2762.173793	0.000000
0.524179	8934.114187	2762.173793	0.000000
0.524179	8934.114187	2762.173793	0.000000
0.524179	8934.114187	2762.173793	0.000000
0.524179	8934.114187	2762.173793	0.000000
0.524179	8934.114187	2762.173793	0.000000
0.524179	8934.114187	2762.173793	0.000000
0.524179	8934.114187	2762.173793	0.000000
0.525469	8934.700255	2761.825007	1.685115
0.528123	8937.127156	2760.380684	3.711345
0.532231	8941.219687	2757.945094	5.608760
0.536831	8946.851379	2754.593503	7.279926
0.536831	8954.056501	2750.305515	9.337741
0.534525	8962.991514	2745.020203	11.367665
0.513005	8973.826355	2738.916817	13.277140
0.513005	8986.187597	2731.953591	14.580567
0.527846	8998.779982	2724.655866	14.546600
0.531516	9011.322992	2717.281145	14.510375
0.531516	9023.886352	2709.894459	14.518054
0.513860	9036.556014	2702.739852	14.541807
0.537209	9049.096748	2695.339863	14.621853
0.560806	9061.443714	2687.618950	14.513206
0.555898	9073.808740	2679.878479	14.544935
0.519317	9086.449318	2672.652430	14.544377
0.519317	9099.107504	2665.416315	14.567495
0.519317	9111.755834	2658.185834	14.589093
0.519317	9124.401988	2650.956598	14.567288
0.519317	9137.056027	2643.722853	14.510764
0.519317	9149.709710	2636.489312	14.615633
0.516931	9162.368655	2629.285738	14.525723
0.512767	9175.087751	2622.124924	14.515602
0.512767	9187.801636	2614.967043	14.604855
0.512767	9200.516871	2607.808403	14.587532
0.512767	9213.193098	2600.671723	14.561870
0.512767	9225.885094	2593.526166	14.510392
0.512767	9238.095048	2586.651997	12.796584
0.520091	9247.584087	2581.208857	9.490574
0.539541	9254.284404	2577.168847	6.521889
0.539514	9258.667604	2574.565628	4.025180
0.536028	9261.062157	2573.160247	1.329414
0.535923	9261.175019	2573.094007	0.000000
0.535923	9261.175019	2573.094007	0.000000
0.535923	9261.175019	2573.094007	0.000000
0.535923	9261.175019	2573.094007	0.000000
0.535923	9261.175019	2573.094007	0.000000
0.535923	9261.175019	2573.094007	0.000000
0.535923	9261.175019	2573.094007	0.000000
0.535923	9261.175019	2573.094007	0.000000
0.535923	9261.175019	2573.094007	0.000000
0.535923	9261.175019	2573.094007	0.000000
0.535923	9261.175019	2573.094007	0.000000
0.535923	9261.175019	2573.094007	0.000000
0.535923	9261.175019	2573.094007	0.000000
0.535923	9261.175019	2573.094007	0.000000
0.535923	9261.175019	2573.094007	0.000000
0.535923	9261.175019	2573.094007	0.000000
0.535923	9261.175019	2573.094007	0.000000
0.535923	9261.175019	2573.094007	0.000000
0.535923	9261.175019	2573.094007	0.000000
0.535868	9261.238229	2573.056909	0.484303
0.534541	9262.771480	2572.157032	2.724317
0.531662	9266.098275	2570.204511	4.780353
0.530737	9271.187333	2567.217705	6.868205
0.540966	9277.999053	2563.077571	8.874869
0.560784	9286.387056	2557.809555	10.107886
0.559783	9293.529249	2553.338140	7.071774
0.557031	9298.283226	2550.391429	4.431206
0.555402	9301.098614	2548.646335	2.425073
0.554881	9302.548271	2547.747778	1.192361
0.554881	9303.176656	2547.358279	0.476798
0.554881	9303.416524	2547.209599	0.168379
0.554881	9303.501656	2547.156831	0.058885
0.554881	9303.532125	2547.137945	0.021735
0.554881	9303.543173	2547.131097	0.007762
0.554881	9303.568387	2547.115468	0.253050
0.547651	9304.908871	2546.386602	2.466811
0.346343	9308.189310	2546.961542	4.547604
-0.370293	9311.611748	2551.354640	6.426612
-0.990984	9315.505486	2557.771818	8.320575
-1.040450	9320.232974	2565.833949	10.213340
-1.040450	9325.987187	2575.647030	12.310748
-1.040450	9332.772021	2587.217703	14.311056
-1.040450	9340.128500	2599.763245	14.510412
-1.040709	9347.500140	2612.340765	14.631035
-1.041344	9354.865301	2624.926887	14.537927
-1.029444	9362.343190	2637.422970	14.617037
-1.028583	9369.847680	2649.879742	14.533509
-1.028583	9377.360116	2662.349703	14.527489
-1.028583	9384.882353	2674.835932	14.530192
-1.059273	9392.019877	2687.514456	14.567051
-1.058340	9399.150487	2700.193968	14.512270
-1.004965	9406.743552	2712.149614	13.104319
-1.007002	9412.755987	2721.662059	9.811521
-1.023465	9416.928650	2728.600492	6.743782
-1.019088	9419.788498	2733.128968	4.289150
-1.004863	9421.472045	2735.622445	1.680969
-1.003755	9421.603119	2735.816577	0.000000
-1.003755	9421.603119	2735.816577	0.000000
-1.003755	9421.603119	2735.816577	0.000000
-1.003755	9421.603119	2735.816577	0.000000
-1.003755	9421.603119	2735.816577	0.000000
-1.003755	9421.603119	2735.816577	0.000000
-1.003755	9421.603119	2735.816577	0.000000
-1.003755	9421.603119	2735.816577	0.000000
-1.003755	9421.603119	2735.816577	0.000000
-1.003755	9421.603119	2735.816577	0.000000
-1.003755	9421.603119	2735.816577	0.000000
-1.003755	9421.603119	2735.816577	0.000000
-1.003755	9421.603119	2735.816577	0.000000
-1.003755	9421.603119	2735.816577	0.000000
-1.003755	9421.603119	2735.816577	0.000000
-1.003755	9421.603119	2735.816577	0.000000
-1.003755	9421.603119	2735.816577	0.000000
-1.003755	9421.603119	2735.816577	0.000000
-1.003755	9421.603119	2735.816577	0.000000
-1.003633	9421.617616	2735.838048	0.259130
-0.996789	9422.473595	2737.105827	2.531703
-0.985157	9427.162755	2738.155818	4.377114
-0.976779	9430.193860	2742.643753	6.158097
-0.976934	9434.201759	2748.581270	7.958355
-0.980180	9439.278520	2756.167667	10.016353
-0.981047	9445.363108	2765.260101	11.695540
-0.981047	9452.443083	2775.839979	13.593721
-0.981047	9460.455858	2787.813774	14.609335
-0.980708	9468.557287	2799.912740	14.568437
-0.980690	9475.731398	2810.625012	11.353454
-0.980690	9481.077247	2818.607351	8.240577
-0.980690	9484.752138	2824.094643	5.355872
-0.961975	9487.240137	2827.406599	3.616341
-0.744804	9491.594580	2829.509146	6.108516
0.109353	9497.913728	2826.373366	8.101553
0.679031	9504.913079	2820.456226	10.041409
0.708600	9513.292460	2813.274278	11.930887
0.708600	9523.074795	2804.889861	13.711490
0.708777	9534.032880	2795.494915	14.544354
0.708888	9545.101727	2786.001915	14.569397
0.708470	9556.180455	2776.508869	14.561670
0.708701	9567.241907	2767.026967	14.537630
0.708723	9578.290720	2757.554703	14.546615
0.708723	9589.351974	2748.071772	14.595271
0.709169	9600.397424	2738.595337	14.512151
0.708335	9611.470003	2729.110146	14.609654
0.708475	9622.533622	2719.630415	14.623294
0.736926	9633.325922	2709.836738	14.587995
0.736926	9644.105394	2700.054701	14.588307
0.736926	9654.899489	2690.259395	14.565370
0.736926	9665.681127	2680.475393	14.525791
0.736926	9676.473349	2670.681787	14.527160
0.819684	9686.536972	2660.214124	14.622727
0.918883	9695.368254	2648.624291	14.525941
0.911893	9704.283909	2637.112490	14.550164
0.917051	9713.020819	2625.726330	13.516118
0.932859	9719.951827	2616.373351	10.101428
0.952233	9724.845663	2609.469716	7.082926
0.959074	9728.055254	2604.845161	4.492862
0.967543	9729.889634	2602.090575	2.221958
0.969404	9730.125416	2601.720528	0.000000
0.969404	9730.125416	2601.720528	0.000000
0.969404	9730.125416	2601.720528	0.000000
0.969404	9730.125416	2601.720528	0.000000
0.969404	9730.125416	2601.720528	0.000000
0.969404	9730.125416	2601.720528	0.000000
0.969404	9730.125416	2601.720528	0.000000
0.969404	9730.125416	2601.720528	0.000000
0.969404	9730.125416	2601.720528	0.000000
0.969404	9730.125416	2601.720528	0.000000
0.969404	9730.125416	2601.720528	0.000000
0.969404	9730.125416	2601.720528	0.000000
0.969404	9730.125416	2601.720528	0.000000
0.969404	9730.125416	2601.720528	0.000000
0.969404	9730.125416	2601.720528	0.000000
0.969404	9730.125416	2601.720528	0.000000
0.969404	9730.125416	2601.720528	0.000000
0.969404	9730.125416	2601.720528	0.000000
0.969404	9730.125416	2601.720528	0.000000
0.969404	9730.125416	2601.720528	0.000000
0.974591	9730.840813	2600.597751	2.334654
0.987337	9732.664782	2597.735135	4.234881
1.010419	9735.434117	2593.221587	6.168876
1.032930	9739.020352	2587.103270	7.795625
1.051292	9743.379413	2579.413363	9.727778
1.066407	9748.577679	2569.996485	11.646990
1.078600	9754.546164	2558.881598	13.421966
1.088926	9761.180894	2546.172123	14.636805
1.037197	9768.593769	2533.624142	14.517684
1.037197	9776.003454	2521.081560	14.557522
1.037197	9783.430904	2508.508906	14.620524
0.944343	9791.809640	2496.608133	14.508359
0.931440	9800.475468	2484.897713	14.635501
0.866293	9809.910345	2473.798064	14.623133
0.866293	9819.349168	2462.693773	14.556084
0.801066	9829.328700	2452.156142	14.587316
0.676424	9840.319494	2443.333123	12.965481
0.676424	9848.991168	2436.371811	9.620474
0.676424	9855.224548	2431.367875	6.743066
0.676424	9859.336327	2428.067085	4.115098
0.676424	9862.377136	2425.626031	4.787895
0.682353	9867.001539	2421.822512	6.819406
0.693150	9873.050827	2416.797700	8.693402
0.434817	9882.716525	2412.931190	10.693620
0.709415	9891.725437	2405.196930	12.704946
0.787108	9901.571086	2395.515701	14.560110
1.051186	9908.896748	2382.709584	14.613064
1.126224	9915.404970	2369.502720	14.521568
0.311808	9925.350471	2364.244244	14.539651
0.087687	9939.858176	2362.968842	14.544394
0.708689	9951.015554	2353.744064	14.633714
0.701589	9962.127866	2344.330223	14.564046
0.701291	9973.274776	2334.916685	14.631595
0.699760	9984.402822	2325.543124	14.633190
0.693497	9995.604200	2316.232178	14.582226
0.693497	10006.794716	2306.930261	14.578649
0.685856	10018.077933	2297.691203	14.599884
0.690261	10028.999659	2288.684630	13.018442
0.694610	10037.604056	2281.516176	9.719695
0.700678	10043.761017	2276.291935	6.772612
0.724205	10047.650492	2272.684300	4.268195
0.727388	10049.909051	2270.722859	1.639387
0.727519	10050.076521	2270.577420	0.000000
0.727519	10050.076521	2270.577420	0.000000
0.727519	10050.076521	2270.577420	0.000000
0.727519	10050.076521	2270.577420	0.000000
0.727519	10050.076521	2270.577420	0.000000
0.727519	10050.076521	2270.577420	0.000000
0.727519	10050.076521	2270.577420	0.000000
0.727519	10050.076521	2270.577420	0.000000
0.727519	10050.076521	2270.577420	0.000000
0.727519	10050.076521	2270.577420	0.000000
0.727519	10050.076521	2270.577420	0.000000
0.727519	10050.076521	2270.577420	0.000000
0.727519	10050.076521	2270.577420	0.000000
0.727519	10050.076521	2270.577420	0.000000
0.727519	10050.076521	2270.577420	0.000000
0.727519	10050.076521	2270.577420	0.000000
0.727519	10050.076521	2270.577420	0.000000
0.727519	10050.076521	2270.577420	0.000000
0.727519	10050.076521	2270.577420	0.000000
0.727533	10050.095329	2270.561086	0.249123
0.728421	10051.232053	2269.573901	2.486037
0.725231	10053.845143	2267.304567	4.320942
0.718506	10057.866130	2263.758540	6.183472
0.740010	10063.092544	2258.877992	7.968589
0.753405	10069.622878	2252.743458	9.870532
0.756817	10077.576993	2245.232485	11.714908
0.739692	10087.012074	2236.622736	13.713763
0.739692	10097.661892	2226.904509	14.523493
0.739692	10108.426938	2217.081134	14.594874
0.739692	10118.142901	2208.215073	11.619907
0.739692	10125.423787	2201.571081	8.456995
0.739692	10130.496428	2196.942168	5.655229
0.739692	10133.672277	2194.044126	3.260192
0.744761	10137.084151	2190.848398	5.744854
1.028691	10139.018549	2184.832445	7.608214
2.040087	10133.813937	2177.935076	9.622170
2.288331	10126.734481	2169.823083	11.657456
2.288331	10118.353609	2160.219863	13.648103
2.285524	10108.928796	2149.369225	14.544666
2.281530	10099.424784	2138.328220	14.583640
2.288628	10089.879456	2127.397280	14.057345
2.289111	10081.862725	2118.225633	10.643517
2.289415	10075.975176	2111.492495	7.540980
2.287242	10072.004166	2106.915910	4.882989
2.287885	10069.590101	2104.169475	2.705707
2.288354	10069.016019	2103.522107	0.000000
2.288354	10069.016019	2103.522107	0.000000
2.288354	10069.016019	2103.522107	0.000000
2.288354	10069.016019	2103.522107	0.000000
2.288354	10069.016019	2103.522107	0.000000
2.288354	10069.016019	2103.522107	0.000000
2.288354	10069.016019	2103.522107	0.000000
2.288354	10069.016019	2103.522107	0.000000
2.288354	10069.016019	2103.522107	0.000000
2.288354	10069.016019	2103.522107	0.000000
2.288354	10069.016019	2103.522107	0.000000
2.288354	10069.016019	2103.522107	0.000000
2.288354	10069.016019	2103.522107	0.000000
2.288354	10069.016019	2103.522107	0.000000
2.288354	10069.016019	2103.522107	0.000000
2.288354	10069.016019	2103.522107	0.000000
2.288354	10069.016019	2103.522107	0.000000
2.288354	10069.016019	2103.522107	0.000000
2.288354	10069.016019	2103.522107	0.000000
2.288354	10069.016019	2103.522107	0.000000
2.288874	10068.458957	2102.893930	1.825680
2.292034	10066.439267	2100.616408	4.030517
2.289748	10063.181687	2096.831243	5.814005
2.280499	10058.698133	2091.601893	7.808380
2.282520	10052.918706	2084.915674	9.636594
2.287520	10045.877988	2076.834850	11.697115
2.230888	10039.516069	2068.499919	9.093253
2.205225	10035.128123	2062.537392	6.166957
2.205225	10032.304982	2058.701187	3.736254
2.205225	10030.726296	2056.556002	1.982383
2.205225	10029.956329	2055.509739	0.847530
2.205225	10029.637046	2055.075883	0.329960
2.205225	10029.519559	2054.916237	0.123950
2.205225	10029.477000	2054.858405	0.043775
2.205225	10029.461783	2054.837729	0.015819
2.205225	10029.456323	2054.830309	0.005423
2.205225	10029.454389	2054.827681	0.001924
2.205225	10029.453695	2054.826738	0.000718
2.205225	10029.453443	2054.826395	0.000256
2.205225	10029.453354	2054.826274	0.000091
2.205225	10029.453322	2054.826230	0.000033
2.205225	10029.453310	2054.826215	0.000012
2.205225	10029.453306	2054.826209	0.000004
2.205225	10029.453305	2054.826207	0.000001
2.205225	10029.453304	2054.826207	0.000001
2.205225	10029.453304	2054.826206	0.000000
2.205225	10029.453304	2054.826206	0.000000
2.205225	10029.453304	2054.826206	0.000000
2.205225	10029.453304	2054.826206	0.000000
2.205225	10029.453304	2054.826206	0.000000
2.205225	10029.453304	2054.826206	0.000000
2.205225	10029.437920	2054.805302	0.259553
2.199867	10028.576014	2053.525654	2.477860
2.057442	10028.082751	2050.097544	4.504433
1.394065	10031.952112	2046.231255	6.234581
0.752065	10037.311512	2041.295142	8.109629
0.743790	10044.040418	2035.104122	9.981093
0.743790	10052.236349	2027.563346	12.015487
0.743790	10061.856915	2018.711815	13.919859
0.743790	10072.527022	2008.894640	14.578639
0.747942	10083.220100	1998.988608	14.530889
0.749909	10093.883842	1989.056120	14.550120
0.749909	10104.554222	1979.117450	14.611621
0.749909	10115.221291	1969.181863	14.538984
0.753033	10125.846681	1959.233855	14.604510
0.746749	10136.483174	1949.344045	14.609827
0.730376	10147.131418	1939.811181	13.389087
0.734284	10155.686422	1932.088895	9.976369
0.720945	10161.985071	1926.619057	6.984456
0.722056	10166.103921	1922.927816	4.368412
0.731518	10168.472015	1920.731707	2.121416
0.732686	10168.764375	1920.460579	0.000000
0.732686	10168.764375	1920.460579	0.000000
0.732686	10168.764375	1920.460579	0.000000
0.732686	10168.764375	1920.460579	0.000000
0.732686	10168.764375	1920.460579	0.000000
0.732686	10168.764375	1920.460579	0.000000
0.732686	10168.764375	1920.460579	0.000000
0.732686	10168.764375	1920.460579	0.000000
0.732686	10168.764375	1920.460579	0.000000
0.732686	10168.764375	1920.460579	0.000000
0.732686	10168.764375	1920.460579	0.000000
0.732686	10168.764375	1920.460579	0.000000
0.732686	10168.764375	1920.460579	0.000000
0.732686	10168.764375	1920.460579	0.000000
0.732686	10168.764375	1920.460579	0.000000
0.732686	10168.764375	1920.460579	0.000000
0.732686	10168.764375	1920.460579	0.000000
0.732686	10168.764375	1920.460579	0.000000
0.732686	10168.764375	1920.460579	0.000000
0.732686	10168.764375	1920.460579	0.000000
0.736487	10169.711731	1919.581770	2.233713
0.744302	10172.117487	1917.338809	4.056271
0.749613	10175.864854	1913.845024	5.982270
0.749782	10181.036669	1909.033202	7.909573
0.744408	10187.697602	1902.911208	10.014679
0.743886	10195.960504	1895.307272	12.182252
0.744021	10205.728434	1886.315994	14.197760
0.744021	10216.431587	1876.463853	14.580979
0.744021	10227.140354	1866.606545	14.539679
0.744021	10237.874534	1856.725844	14.551821
0.744021	10248.586197	1846.865870	14.591185
0.744021	10259.309270	1836.995392	14.532155
0.744021	10270.037579	1827.120096	14.595586
0.744021	10280.751646	1817.257909	14.544399
0.744021	10291.470894	1807.390952	14.549638
0.743702	10302.211419	1797.509614	14.611964
0.739321	10312.974026	1787.681122	14.614580
0.724825	10323.836145	1778.052404	14.547810
0.711275	10334.767516	1768.632310	14.529293
0.711275	10345.709868	1759.202753	14.542904
0.711275	10356.632820	1749.789914	14.540962
0.711275	10367.567354	1740.367095	14.547308
0.679280	10378.734459	1731.244347	14.598282
0.408373	10391.844615	1725.390740	14.616219
0.061125	10406.089781	1724.062978	14.631637
-0.029521	10420.536236	1724.489570	14.587028
-0.299090	10434.439290	1728.066548	14.553738
-0.303131	10448.235191	1732.381494	14.586201
-0.388190	10461.618555	1737.808830	14.535250
-0.388190	10474.980560	1743.273093	14.612173
-0.388190	10488.331823	1748.732964	14.541319
-0.400485	10501.641560	1754.333876	14.596794
-0.428791	10514.861905	1760.345001	14.632452
-0.431430	10528.078414	1766.429260	14.549410
-0.431430	10541.274222	1772.503989	14.569881
-0.431430	10554.476327	1778.581618	14.606951
-0.431430	10567.663987	1784.652596	14.515329
-0.431430	10580.870199	1790.732115	14.519040
-0.548578	10593.393815	1798.033591	14.617622
-0.669431	10604.876009	1806.888252	14.597986
-0.758946	10615.428401	1816.896639	14.541886
-0.758946	10625.978176	1826.902543	14.601180
-0.802658	10636.140875	1837.261348	14.585157
-0.874685	10645.454090	1848.406059	14.579354
-0.874685	10654.779400	1859.565242	14.534474
-0.874685	10664.105446	1870.725307	14.617857
-0.874685	10673.417188	1881.868254	14.549838
-0.874685	10682.403890	1892.622240	12.849399
-0.874685	10689.458514	1901.064195	9.600310
-0.855220	10694.672067	1906.939858	6.566054
-0.811076	10698.367882	1910.540092	4.039839
-0.775203	10701.373465	1913.467945	5.237389
-0.927930	10703.214340	1917.357796	7.257728
-2.143172	10697.715879	1923.302972	9.443672
-2.127300	10691.893383	1933.385093	10.767190
-1.743967	10690.947925	1943.315603	7.682484
-1.491041	10691.894269	1950.124707	4.944953
-1.431185	10692.774801	1954.540379	4.180085
-1.250179	10695.493345	1959.884428	6.469927
-1.011749	10699.810948	1966.548502	8.316006
-0.814111	10706.811019	1973.399209	10.078572
-0.558544	10717.033553	1979.661823	12.047544
-0.274922	10730.701855	1983.854873	14.156107
0.197009	10746.440627	1981.531215	14.618085
-0.792176	10756.911374	1988.635747	14.523748
-0.917625	10765.688576	2000.105909	14.556866
-0.917625	10774.460304	2011.568918	14.612837
-0.917625	10783.231099	2023.030707	14.531318
-0.917625	10791.991308	2034.478663	14.521906
-1.190423	10797.856974	2047.291035	14.626333
-1.386475	10800.550021	2061.465576	14.610349
-1.509344	10801.436630	2075.875047	14.515243
-1.619884	10800.878440	2090.289317	14.585568
-1.641669	10799.910856	2104.704401	14.610235
-2.859648	10787.837988	2110.373968	14.566346
-2.728690	10774.330771	2115.644649	14.597931
-2.531635	10762.229205	2123.519623	14.625050
-2.442692	10751.071960	2132.896299	14.578704
-2.442692	10739.924191	2142.265012	14.557131
-2.412456	10729.016734	2151.923338	14.613064
-2.412456	10718.154935	2161.626882	14.616798
-2.412456	10707.274731	2171.346869	14.532536
-2.414096	10696.383890	2181.049969	14.577121
-2.417081	10685.461477	2190.717198	14.579276
-2.417081	10674.551815	2200.373142	14.559023
-2.418818	10663.622334	2210.018790	14.551799
-2.422365	10652.668240	2219.611308	14.534083
-2.422365	10641.729544	2229.190343	14.518010
-2.422365	10630.766201	2238.790961	14.576592
-2.388515	10620.096510	2248.716160	14.550711
-2.410745	10609.663756	2258.062922	12.733954
-2.406731	10601.546392	2265.398667	9.474949
-2.435515	10595.511105	2270.387450	6.534133
-2.447833	10591.614783	2273.664142	3.955872
-2.443953	10589.502093	2275.459621	1.291397
-2.443781	10589.408155	2275.539454	0.000000
-2.443781	10589.408155	2275.539454	0.000000
-2.443781	10589.408155	2275.539454	0.000000
-2.443781	10589.408155	2275.539454	0.000000
-2.443781	10589.408155	2275.539454	0.000000
-2.443781	10589.408155	2275.539454	0.000000
-2.443781	10589.408155	2275.539454	0.000000
-2.443781	10589.408155	2275.539454	0.000000
-2.443781	10589.408155	2275.539454	0.000000
-2.443781	10589.408155	2275.539454	0.000000
-2.443781	10589.408155	2275.539454	0.000000
-2.443781	10589.408155	2275.539454	0.000000
-2.443781	10589.408155	2275.539454	0.000000
-2.443781	10589.408155	2275.539454	0.000000
-2.443781	10589.408155	2275.539454	0.000000
-2.443781	10589.408155	2275.539454	0.000000
-2.443781	10589.408155	2275.539454	0.000000
-2.443781	10589.408155	2275.539454	0.000000
-2.443781	10589.408155	2275.539454	0.000000
-2.443676	10589.351332	2275.587746	0.497682
-2.441403	10588.074312	2276.673026	2.535706
-2.438120	10585.274885	2279.052131	4.697111
-2.437183	10580.823775	2282.834926	6.779291
-2.424411	10574.856039	2288.107754	8.902830
-2.414482	10567.432415	2294.712760	10.840879
-2.415767	10558.499295	2302.640160	12.862631
-2.417879	10548.109884	2311.825797	14.621899
-2.421358	10537.139592	2321.452039	14.511627
-2.421358	10526.188699	2331.061260	14.578755
-2.421358	10515.230773	2340.676652	14.520054
-2.421358	10504.288255	2350.278524	14.551922
-2.421206	10493.345875	2359.882704	14.570881
-2.419279	10482.412113	2369.514078	14.622234
-2.418540	10471.491453	2379.151379	14.549591
-2.418540	10460.564816	2388.793954	14.600001
-2.418540	10449.634513	2398.439764	14.619845
-2.418540	10438.720840	2408.070899	14.590992
-2.418484	10427.793097	2417.715449	14.567324
-2.418727	10416.874385	2427.347397	14.550590
-2.418727	10405.952987	2436.981714	14.594403
-2.418727	10395.019463	2446.626727	14.612480
-2.418727	10384.087915	2456.269998	14.601662
-2.435284	10373.033436	2465.756708	14.514094
-2.412378	10362.775098	2474.834540	12.333684
-2.449699	10354.712077	2481.514949	9.074128
-2.430363	10349.165848	2486.411338	6.086805
-2.401147	10345.723084	2489.718523	3.708570
-2.390216	10344.019701	2491.300105	0.682923
-2.390107	10344.002633	2491.315952	0.000000
-2.390107	10344.002633	2491.315952	0.000000
-2.390107	10344.002633	2491.315952	0.000000
-2.390107	10344.002633	2491.315952	0.000000
-2.390107	10344.002633	2491.315952	0.000000
-2.390107	10344.002633	2491.315952	0.000000
-2.390107	10344.002633	2491.315952	0.000000
-2.390107	10344.002633	2491.315952	0.000000
-2.390107	10344.002633	2491.315952	0.000000
-2.390107	10344.002633	2491.315952	0.000000
-2.390107	10344.002633	2491.315952	0.000000
-2.390107	10344.002633	2491.315952	0.000000
-2.390107	10344.002633	2491.315952	0.000000
-2.390107	10344.002633	2491.315952	0.000000
-2.390107	10344.002633	2491.315952	0.000000
-2.390107	10344.002633	2491.315952	0.000000
-2.390107	10344.002633	2491.315952	0.000000
-2.390107	10344.002633	2491.315952	0.000000
-2.390107	10344.002633	2491.315952	0.000000
-2.389401	10343.892603	2491.418114	0.738011
-2.388079	10342.530680	2492.682652	2.692688
-2.387954	10339.791255	2495.226191	4.667488
-2.393256	10335.709920	2499.015686	6.322302
-2.393256	10330.339320	2504.002256	8.147873
-2.415522	10323.373779	2510.105264	10.202007
-2.433774	10314.906525	2517.357296	11.914967
-2.420192	10305.089867	2525.978445	13.980194
-2.418692	10294.231126	2535.558166	14.540487
-2.418692	10283.306593	2545.195929	14.619665
-2.418692	10272.388290	2554.828196	14.512018
-2.418692	10261.446877	2564.480852	14.606660
-2.418703	10251.215197	2573.507196	12.258385
-2.418682	10243.413259	2580.390353	8.937960
-2.418678	10237.884820	2585.267750	6.147783
-2.418678	10234.355958	2588.381044	3.673031
-2.418678	10230.854063	2591.470547	5.840339
-2.608657	10222.826542	2595.086917	7.754191
2.880016	10215.662904	2590.051606	9.616569
2.513540	10207.027304	2583.754767	11.409238
2.480846	10197.179772	2576.115259	13.310535
2.480167	10186.019778	2567.428401	14.546744
2.480167	10174.508739	2558.468294	14.567920
2.477091	10163.040445	2549.494678	14.512367
2.474814	10153.102913	2541.673597	11.172771
2.474814	10145.725979	2535.867769	7.963236
2.474814	10140.667585	2531.886690	5.244823
2.498078	10137.296044	2529.587921	3.943468
2.660952	10132.312161	2528.071151	6.245702
-2.947135	10126.157250	2531.424986	8.070751
-2.575820	10117.733905	2536.193568	9.949686
-2.265671	10110.606400	2544.744202	12.145075
-2.265671	10102.195700	2554.834244	14.151071
-2.171462	10093.820369	2566.637201	14.514470
-2.145964	10085.918066	2578.826764	14.554208
-2.145964	10078.102815	2590.882047	13.654126
-2.197259	10071.180219	2600.432991	10.346110
-2.217156	10065.952147	2607.277190	7.256273
-2.231082	10062.371181	2611.808130	4.724318
-2.227531	10060.306382	2614.581184	2.651992
-2.226137	10059.925830	2615.106840	0.000000
-2.226137	10059.925830	2615.106840	0.000000
-2.226137	10059.925830	2615.106840	0.000000
-2.226137	10059.925830	2615.106840	0.000000
-2.226137	10059.925830	2615.106840	0.000000
-2.226137	10059.925830	2615.106840	0.000000
-2.226137	10059.925830	2615.106840	0.000000
-2.226137	10059.925830	2615.106840	0.000000
-2.226137	10059.925830	2615.106840	0.000000
-2.226137	10059.925830	2615.106840	0.000000
-2.226137	10059.925830	2615.106840	0.000000
-2.226137	10059.925830	2615.106840	0.000000
-2.226137	10059.925830	2615.106840	0.000000
-2.226137	10059.925830	2615.106840	0.000000
-2.226137	10059.925830	2615.106840	0.000000
-2.226137	10059.925830	2615.106840	0.000000
-2.226137	10059.925830	2615.106840	0.000000
-2.226137	10059.925830	2615.106840	0.000000
-2.226137	10059.925830	2615.106840	0.000000
-2.226137	10059.925830	2615.106840	0.000000
-2.223896	10059.313835	2615.952184	2.022670
-2.213992	10057.429458	2618.555065	4.157050
-2.220488	10054.229108	2622.505596	5.930983
-2.277194	10049.561172	2627.798995	8.003427
-2.386060	10042.867130	2633.721445	9.798284
-2.477096	10035.986468	2638.908516	7.365506
-2.613210	10032.017872	2640.576141	4.686800
-2.934583	10029.846853	2639.292402	4.351978
2.757576	10023.415289	2636.256204	6.494183
2.989450	10015.749280	2636.108309	8.382114
-2.737294	10006.874542	2640.603640	10.488407
-2.072513	10000.960601	2651.625530	12.508195
-1.042221	10007.691506	2665.359381	14.549264
-0.467392	10019.373441	2671.590830	15.399434
-1.508127	10020.548067	2687.579002	17.442750
-1.509363	10021.628114	2705.027100	17.456294
-1.817981	10017.346591	2721.993999	17.555732
-1.800017	10013.316910	2739.001092	17.530978
-1.800017	10009.343843	2756.029396	17.488922
-1.800017	10005.371397	2773.055039	17.561637
-1.800017	10001.400683	2790.073260	17.452024
-1.800017	9997.424761	2807.113797	17.565980
-2.085229	9989.279780	2822.467917	17.142694
-2.085229	9981.784765	2835.728909	13.676847
-2.087358	9975.976047	2845.954440	10.277050
-2.126171	9971.360969	2853.175138	7.244111
-2.162330	9968.108867	2857.948876	4.559112
-2.171017	9966.139872	2860.768042	2.592095
-2.171954	9965.784595	2861.276720	0.000000
-2.171954	9965.784595	2861.276720	0.000000
-2.171954	9965.784595	2861.276720	0.000000
-2.171954	9965.784595	2861.276720	0.000000
-2.171954	9965.784595	2861.276720	0.000000
-2.171954	9965.784595	2861.276720	0.000000
-2.171954	9965.784595	2861.276720	0.000000
-2.171954	9965.784595	2861.276720	0.000000
-2.171954	9965.784595	2861.276720	0.000000
-2.171954	9965.784595	2861.276720	0.000000
-2.171954	9965.784595	2861.276720	0.000000
-2.171954	9965.784595	2861.276720	0.000000
-2.171954	9965.784595	2861.276720	0.000000
-2.171954	9965.784595	2861.276720	0.000000
-2.171954	9965.784595	2861.276720	0.000000
-2.171954	9965.784595	2861.276720	0.000000
-2.171954	9965.784595	2861.276720	0.000000
-2.171954	9965.784595	2861.276720	0.000000
-2.171954	9965.784595	2861.276720	0.000000
-2.171954	9965.784595	2861.276720	0.000000
-2.173527	9965.187950	2862.130984	2.036353
-2.177095	9963.425382	2864.654591	4.030733
-2.172534	9960.620191	2868.837121	5.791474
-2.158722	9956.825751	2874.559085	7.800086
-2.156351	9951.910564	2881.971118	9.668298
-2.156351	9945.948592	2890.961689	11.645634
-2.156351	9938.899865	2901.591072	13.653317
-2.151692	9930.824015	2913.870390	15.633166
-2.146774	9921.714172	2927.897749	17.471844
-1.960114	9914.203335	2943.518080	17.522328
-1.882132	9908.845797	2960.166666	17.554208
-1.786242	9904.605838	2977.081466	17.472501
-1.590073	9903.820271	2994.519804	17.461778
-1.720806	9901.412097	3011.822593	17.533935
-1.722219	9898.783856	3029.098264	17.539561
-1.931222	9893.762503	3044.341470	15.587390
-2.143039	9886.298721	3055.928722	12.221198
-2.143039	9880.663434	3064.677300	8.937362
-2.145393	9876.674654	3070.817314	6.088808
-2.159294	9873.999108	3074.661435	3.657959
-2.166816	9872.744377	3076.441898	0.392500
-2.166816	9872.744377	3076.441898	0.000000
-2.166816	9872.744377	3076.441898	0.000000
-2.166816	9872.744377	3076.441898	0.000000
-2.166816	9872.744377	3076.441898	0.000000
-2.166816	9872.744377	3076.441898	0.000000
-2.166816	9872.744377	3076.441898	0.000000
-2.166816	9872.744377	3076.441898	0.000000
-2.166816	9872.744377	3076.441898	0.000000
-2.166816	9872.744377	3076.441898	0.000000
-2.166816	9872.744377	3076.441898	0.000000
-2.166816	9872.744377	3076.441898	0.000000
-2.166816	9872.744377	3076.441898	0.000000
-2.166816	9872.744377	3076.441898	0.000000
-2.166816	9872.744377	3076.441898	0.000000
-2.166816	9872.744377	3076.441898	0.000000
-2.166816	9872.744377	3076.441898	0.000000
-2.166816	9872.744377	3076.441898	0.000000
-2.166816	9872.744377	3076.441898	0.000000
-2.166816	9872.744377	3076.441898	0.000000
-2.167667	9872.602434	3076.643315	0.964487
-2.174230	9871.392436	3078.360301	2.903558
-2.183101	9869.063210	3081.665470	4.916934
-2.184684	9865.598648	3086.581682	6.821267
-2.196897	9860.924968	3092.958004	8.738339
-2.237827	9854.943946	3100.553596	10.401458
-2.228686	9847.958972	3109.602371	12.176412
-2.214766	9843.367042	3121.207456	14.025882
-2.230380	9834.218323	3133.083387	16.035459
-2.244855	9823.638991	3146.327651	17.550645
-2.245901	9812.761990	3159.913769	17.560577
-2.191961	9802.405069	3173.880059	17.490896
-2.140591	9792.824771	3188.361670	17.466013
-1.959115	9786.235514	3204.468743	17.471665
-1.923046	9780.050879	3220.723721	17.451527
-1.808549	9775.386364	3237.444217	17.558987
-1.732954	9772.380956	3254.593129	17.535025
-1.583623	9771.602756	3271.986271	17.496818
-1.515492	9772.166645	3289.365356	17.474873
-1.393901	9774.996335	3306.546895	17.483348
-1.356675	9778.657677	3323.579842	17.496364
-1.452234	9781.299336	3340.741603	17.456953
-1.591495	9781.079338	3356.666324	14.404191
-1.521010	9781.660693	3369.080682	11.021720
-1.431210	9782.945538	3378.225513	7.869090
-1.431210	9783.823924	3384.477389	5.203656
-1.349985	9785.274935	3387.957390	2.903064
-1.266134	9786.475900	3389.623144	1.423222
-1.227883	9787.017555	3390.374427	0.593880
-1.212902	9787.229167	3390.667936	0.222604
-1.207534	9787.304946	3390.773042	0.077798
-1.205589	9787.332398	3390.811118	0.028336
-1.204899	9787.342147	3390.824640	0.010234
-1.204653	9787.345619	3390.829456	0.003613
-1.204564	9787.346866	3390.831185	0.001281
-1.204533	9787.347311	3390.831803	0.000465
-1.204521	9787.347472	3390.832025	0.000169
-1.204517	9787.347529	3390.832105	0.000059
-1.204516	9787.347549	3390.832133	0.000021
-1.204515	9787.347556	3390.832143	0.000008
-1.204515	9787.347559	3390.832147	0.000003
-1.204515	9787.347560	3390.832148	0.000001
-1.204515	9787.347560	3390.832149	0.000000
-1.204515	9787.347561	3390.832149	0.000000
-1.204515	9787.347561	3390.832149	0.000000
-1.204515	9787.347561	3390.832149	0.000000
-1.204515	9787.347561	3390.832149	0.000000
-1.204515	9787.347561	3390.832149	0.000000
-1.204515	9787.347561	3390.832149	0.000000
-1.204515	9787.347561	3390.832149	0.000000
-1.203451	9787.362581	3390.852982	0.258144
-1.131504	9788.367061	3392.126359	2.631127
-0.945124	9791.035983	3395.096321	4.660374
-0.803480	9795.450310	3399.015687	6.282526
-0.356946	9802.826723	3400.017371	8.286503
0.676174	9809.707839	3393.075606	10.478599
1.030823	9815.628696	3383.197517	12.456396
0.984612	9823.048309	3371.894476	14.392709
0.831536	9832.771346	3361.065607	14.605550
0.548189	9844.902362	3353.085502	14.522342
0.473494	9857.861348	3346.445717	14.515327
0.390157	9871.212046	3340.724048	14.515894
0.313972	9885.080271	3336.220860	14.633416
0.306827	9898.963533	3331.802927	14.539155
0.279538	9912.979337	3327.779638	14.629457
0.279568	9929.435189	3326.490460	14.508184
0.279568	9943.344981	3322.497151	14.620449
0.279568	9957.256448	3318.503361	14.568227
0.279568	9971.188004	3314.503803	14.565539
0.279568	9985.117541	3310.504825	14.619548
0.306709	9998.935564	3306.155943	14.568993
0.306709	10012.741485	3301.783574	14.615009
0.306709	10026.554040	3297.409104	14.554035
0.306709	10040.354358	3293.038509	14.604484
0.424743	10053.606082	3287.373855	14.530089
0.495689	10065.562987	3280.931323	12.254911
0.663993	10073.657876	3274.429417	9.057353
0.774243	10078.639859	3269.028504	6.064064
0.825724	10081.841236	3265.557927	3.700691
0.825724	10083.437035	3263.827938	0.736290
0.825724	10083.456324	3263.807028	0.000000
0.825724	10083.456324	3263.807028	0.000000
0.825724	10083.456324	3263.807028	0.000000
0.825724	10083.456324	3263.807028	0.000000
0.825724	10083.456324	3263.807028	0.000000
0.825724	10083.456324	3263.807028	0.000000
0.825724	10083.456324	3263.807028	0.000000
0.825724	10083.456324	3263.807028	0.000000
0.825724	10083.456324	3263.807028	0.000000
0.825724	10083.456324	3263.807028	0.000000
0.825724	10083.456324	3263.807028	0.000000
0.825724	10083.456324	3263.807028	0.000000
0.825724	10083.456324	3263.807028	0.000000
0.825724	10083.456324	3263.807028	0.000000
0.825724	10083.456324	3263.807028	0.000000
0.825724	10083.456324	3263.807028	0.000000
0.825724	10083.456324	3263.807028	0.000000
0.825724	10083.456324	3263.807028	0.000000
0.825724	10083.456324	3263.807028	0.000000
0.825724	10083.556682	3263.698230	0.727203
0.825724	10084.858203	3262.287265	2.846331
0.833595	10087.408434	3259.384176	4.684830
0.847212	10091.090217	3255.153370	6.572196
0.854673	10096.060510	3249.441911	8.473328
0.854673	10102.255393	3242.323252	10.306005
0.846698	10109.773733	3233.828614	12.245989
0.800549	10118.992263	3224.326437	14.336735
0.800549	10129.059575	3213.949362	14.537970
0.800549	10139.138706	3203.560103	14.550873
0.789247	10149.314793	3193.264182	14.609297
0.551330	10161.637495	3185.686500	14.557253
0.551330	10173.973338	3178.100737	14.539516
0.551330	10186.307380	3170.516082	14.625368
0.294517	10199.905879	3165.754651	14.557534
0.294517	10213.753033	3161.554269	14.569772
0.229703	10227.750472	3158.112103	14.595316
0.104994	10242.158094	3156.593811	14.583336
0.026704	10256.628940	3156.006261	14.558953
0.006795	10271.127875	3155.880708	14.628101
-0.071920	10283.688578	3156.785630	11.191834
-0.071920	10293.003425	3157.456707	8.001196
-0.071920	10299.415731	3157.918674	5.321140
-0.071920	10303.374212	3158.203859	2.994858
-0.071920	10305.481717	3158.355691	1.468915
-0.071920	10306.449570	3158.425419	0.645311
-0.071920	10306.832667	3158.453019	0.233555
-0.071920	10306.971437	3158.463017	0.084812
-0.071920	10307.020463	3158.466549	0.029307
-0.071920	10307.038061	3158.467816	0.010992
-0.071920	10307.044382	3158.468272	0.003873
-0.071920	10307.046638	3158.468434	0.001391
-0.071920	10307.047447	3158.468493	0.000504
-0.071920	10307.047738	3158.468514	0.000175
-0.071920	10307.047842	3158.468521	0.000062
-0.071920	10307.047879	3158.468524	0.000023
-0.071920	10307.047892	3158.468525	0.000008
-0.071920	10307.047897	3158.468525	0.000003
-0.071920	10307.047899	3158.468525	0.000001
-0.071920	10307.047899	3158.468525	0.000000
-0.071920	10307.047900	3158.468525	0.000000
-0.071920	10307.047900	3158.468525	0.000000
-0.071920	10307.047900	3158.468525	0.000000
-0.071920	10307.047900	3158.468525	0.000000
-0.071920	10307.047900	3158.468525	0.000000
-0.071920	10307.047900	3158.468525	0.000000
-0.071920	10307.047900	3158.468525	0.000000
-0.071920	10307.047900	3158.468525	0.000000
-0.071920	10307.047900	3158.468525	0.000000
-0.071920	10307.047900	3158.468525	0.000000
-0.071920	10307.047900	3158.468525	0.000000
-0.071920	10307.047900	3158.468525	0.000000
-0.071920	10307.047900	3158.468525	0.000000
-0.071920	10307.047900	3158.468525	0.000000
-0.071920	10307.047900	3158.468525	0.000000
-0.071920	10307.047900	3158.468525	0.000000
-0.071920	10307.047900	3158.468525	0.000000
-0.071920	10307.047900	3158.468525	0.000000
-0.071920	10307.047900	3158.468525	0.000000
-0.071920	10307.047900	3158.468525	0.000000
-0.071920	10307.047900	3158.468525	0.000000
-0.071920	10307.047900	3158.468525	0.000000
-0.071920	10307.047900	3158.468525	0.000000
-0.071920	10307.047900	3158.468525	0.000000
-0.071920	10307.047900	3158.468525	0.000000
-0.071920	10307.047900	3158.468525	0.000000
-0.071920	10307.073184	3158.470347	0.255115
-0.072725	10308.585519	3158.588919	2.434523
-0.079126	10311.918904	3158.905007	4.318116
-0.149275	10317.057963	3160.095843	6.351584
-0.267480	10324.158276	3162.175577	8.325012
-0.280729	10333.130595	3164.762687	10.112074
-0.331282	10343.732925	3168.454821	11.955687
-0.363823	10355.164651	3172.803035	11.218270
-0.418413	10363.757302	3176.756574	7.990669
-0.454795	10369.560031	3179.706986	5.243660
-0.464646	10373.144338	3181.475888	3.087084
-0.464791	10374.239475	3182.010452	0.000000
-0.464791	10374.239475	3182.010452	0.000000
-0.464791	10374.239475	3182.010452	0.000000
-0.464791	10374.239475	3182.010452	0.000000
-0.464791	10374.239475	3182.010452	0.000000
-0.464791	10374.239475	3182.010452	0.000000
-0.464791	10374.239475	3182.010452	0.000000
-0.464791	10374.239475	3182.010452	0.000000
-0.464791	10374.239475	3182.010452	0.000000
-0.464791	10374.239475	3182.010452	0.000000
-0.464791	10374.239475	3182.010452	0.000000
-0.464791	10374.239475	3182.010452	0.000000
-0.464791	10374.239475	3182.010452	0.000000
-0.464791	10374.239475	3182.010452	0.000000
-0.464791	10374.239475	3182.010452	0.000000
-0.464791	10374.239475	3182.010452	0.000000
-0.464791	10374.239475	3182.010452	0.000000
-0.464791	10374.239475	3182.010452	0.000000
-0.464791	10374.239475	3182.010452	0.000000
-0.464791	10374.239475	3182.010452	0.000000
-0.463884	10374.843994	3182.305533	1.652508
-0.460124	10377.349349	3183.528461	3.665270
-0.454103	10381.616006	3185.611125	5.580079
-0.454103	10387.667356	3188.564944	7.573498
-0.459710	10395.555361	3192.490616	9.787892
-0.494775	10405.040061	3197.607962	11.552920
-0.494775	10416.265926	3203.664731	13.630075
-0.456805	10429.249101	3210.079962	14.613086
-0.456805	10442.409781	3216.548114	14.555938
-0.456805	10455.568921	3223.015508	14.563108
-0.432219	10468.867306	3229.220699	14.551739
-0.394172	10482.412035	3234.854502	14.570742
-0.390234	10495.970005	3240.442319	14.601438
-0.301383	10509.985906	3244.799186	14.594804
-0.301383	10524.003680	3249.156636	14.614394
-0.301383	10537.993706	3253.505460	14.569219
-0.301383	10551.997942	3257.858701	14.623562
-0.301383	10565.983132	3262.206022	14.519219
-0.301383	10579.982318	3266.557693	14.622924
-0.301383	10593.971180	3270.906155	14.550735
-0.299765	10607.975661	3275.239017	14.577299
-0.226866	10622.260883	3278.536621	14.623808
-0.173703	10636.668050	3281.204393	14.571994
-0.099655	10651.218686	3282.763166	14.552077
0.011515	10665.884994	3282.594277	14.633880
0.155980	10680.392049	3280.690690	14.549090
0.175901	10694.833476	3278.132460	14.608006
0.309795	10708.325970	3273.813488	12.864861
0.332265	10718.851581	3270.159437	9.614764
0.420023	10726.045160	3266.698727	6.620884
0.490244	10730.577257	3264.067314	4.064668
0.522264	10733.085423	3262.554551	1.587474
0.522966	10733.263150	3262.447358	0.000000
0.522966	10733.263150	3262.447358	0.000000
0.522966	10733.263150	3262.447358	0.000000
0.522966	10733.263150	3262.447358	0.000000
0.522966	10733.263150	3262.447358	0.000000
0.522966	10733.263150	3262.447358	0.000000
0.522966	10733.263150	3262.447358	0.000000
0.522966	10733.263150	3262.447358	0.000000
0.522966	10733.263150	3262.447358	0.000000
0.522966	10733.263150	3262.447358	0.000000
0.522966	10733.263150	3262.447358	0.000000
0.522966	10733.263150	3262.447358	0.000000
0.522966	10733.263150	3262.447358	0.000000
0.522966	10733.263150	3262.447358	0.000000
0.522966	10733.263150	3262.447358	0.000000
0.522966	10733.263150	3262.447358	0.000000
0.522966	10733.263150	3262.447358	0.000000
0.522966	10733.263150	3262.447358	0.000000
0.522966	10733.263150	3262.447358	0.000000
0.523051	10733.284542	3262.434455	0.248244
0.528158	10734.576310	3261.655345	2.474450
0.540185	10737.618866	3259.820271	4.310763
0.547264	10742.238881	3256.969723	6.194944
0.559924	10748.367277	3253.094948	8.082485
0.644314	10755.558266	3247.400585	10.073126
0.671187	10764.337271	3240.428405	12.080153
0.670196	10774.620836	3232.276598	13.956372
-0.394064	10783.374914	3233.582089	14.523095
-0.686971	10794.166112	3243.250386	14.519467
-0.499666	10806.792513	3250.537794	14.547070
-0.487590	10819.779538	3257.275684	14.535790
-0.574479	10832.164651	3265.119724	14.635698
-0.576752	10844.438610	3273.104369	14.564941
-0.576752	10856.721152	3281.094598	14.591377
-0.576752	10869.016192	3289.092956	14.585237
-0.576752	10881.315931	3297.094371	14.549770
-0.576752	10893.599283	3305.085127	14.594963
-0.476854	10906.569876	3311.887852	14.594874
-0.460835	10919.662287	3318.434484	14.591669
-0.276431	10933.770433	3322.436878	14.627266
-0.204581	10948.022200	3325.582944	14.537728
-0.112418	10962.563619	3327.224590	14.511260
-0.112418	10977.092247	3328.864791	14.521715
0.007251	10991.724452	3329.051579	14.538636
0.007251	11006.371297	3328.945375	14.537518
0.007251	11021.039473	3328.839017	14.621415
0.007251	11035.671377	3328.732922	14.525641
-0.047680	11050.285668	3329.288557	14.608481
-0.082994	11064.872825	3330.501996	14.515035
-0.082994	11079.475182	3331.716700	14.634633
-0.142713	11093.975044	3333.643962	14.630450
-0.202090	11108.333939	3336.585909	14.540289
-0.209343	11122.656678	3339.609710	14.547180
-0.332292	11136.487390	3344.382525	14.567827
-0.332292	11150.335950	3349.161499	14.635111
-0.332292	11164.180974	3353.939253	14.570020
-0.409758	11177.660555	3359.659332	14.550226
-0.409758	11191.089702	3365.492194	14.611406
-0.470240	11204.212560	3371.986759	14.626302
-0.475840	11217.234647	3378.697501	14.541056
-0.459755	11230.319834	3385.222531	14.596803
-0.447859	11243.533026	3391.570383	14.568392
-0.450041	11256.720189	3397.934916	14.579306
-0.450217	11269.717199	3404.221135	13.461691
-0.447095	11280.261484	3409.276285	10.116977
-0.430945	11288.005530	3412.787028	7.193566
-0.416299	11293.208539	3415.041011	4.572844
-0.408099	11296.273949	3416.351854	2.162255
-0.407676	11296.657394	3416.515825	0.000000
-0.407676	11296.657394	3416.515825	0.000000
-0.407676	11296.657394	3416.515825	0.000000
-0.407676	11296.657394	3416.515825	0.000000
-0.407676	11296.657394	3416.515825	0.000000
-0.407676	11296.657394	3416.515825	0.000000
-0.407676	11296.657394	3416.515825	0.000000
-0.407676	11296.657394	3416.515825	0.000000
-0.407676	11296.657394	3416.515825	0.000000
-0.407676	11296.657394	3416.515825	0.000000
-0.407676	11296.657394	3416.515825	0.000000
-0.407676	11296.657394	3416.515825	0.000000
-0.407676	11296.657394	3416.515825	0.000000
-0.407676	11296.657394	3416.515825	0.000000
-0.407676	11296.657394	3416.515825	0.000000
-0.407676	11296.657394	3416.515825	0.000000
-0.407676	11296.657394	3416.515825	0.000000
-0.407676	11296.657394	3416.515825	0.000000
-0.407676	11296.657394	3416.515825	0.000000
-0.407676	11296.657394	3416.515825	0.000000
-0.407002	11297.851206	3417.026328	2.294177
-0.405281	11300.902083	3418.330957	4.163249
-0.413010	11305.753897	3420.522695	6.182619
-0.424581	11312.395197	3423.525081	8.119668
-0.395431	11320.879271	3426.974813	9.873668
-0.370978	11330.993764	3430.891716	11.601678
-0.328242	11343.148994	3435.039706	13.673483
-0.304120	11356.670166	3439.302643	14.604329
-0.301287	11370.135610	3443.486993	14.611262
-0.301287	11383.591809	3447.668472	14.511184
-0.301287	11397.051890	3451.851156	14.630716
-0.301287	11409.870413	3455.834478	12.511200
-0.301287	11419.790758	3458.917199	9.256102
-0.421788	11426.225949	3462.357010	6.312491
-0.650605	11429.231265	3465.843747	3.902821
-0.873007	11430.099739	3468.417004	2.083972
-0.945986	11430.527171	3469.683471	0.934408
-0.975487	11430.706399	3470.214515	0.371843
-0.986464	11430.773143	3470.412275	0.133817
-0.990403	11430.797104	3470.483271	0.047646
-0.991815	11430.805701	3470.508744	0.016563
-0.992327	11430.808812	3470.517961	0.005943
-0.992510	11430.809925	3470.521259	0.002180
-0.992574	11430.810317	3470.522421	0.000786
-0.992597	11430.810458	3470.522838	0.000281
-0.992605	11430.810508	3470.522987	0.000099
-0.992608	11430.810526	3470.523041	0.000036
-0.992609	11430.810533	3470.523060	0.000013
-0.992610	11430.810535	3470.523067	0.000005
-0.992610	11430.810536	3470.523070	0.000002
-0.992610	11430.810536	3470.523071	0.000001
-0.992610	11430.810536	3470.523071	0.000000
-0.992610	11430.810536	3470.523071	0.000000
-0.992610	11430.810536	3470.523071	0.000000
-0.992610	11430.810536	3470.523071	0.000000
-0.992610	11430.810536	3470.523071	0.000000
-0.992610	11430.810536	3470.523071	0.000000
-0.992610	11430.810536	3470.523071	0.000000
-0.992610	11430.810536	3470.523071	0.000000
-0.992610	11430.810536	3470.523071	0.000000
-0.992610	11430.810536	3470.523071	0.000000
-0.992610	11430.810536	3470.523071	0.000000
-0.992610	11430.810536	3470.523071	0.000000
-0.992610	11430.810536	3470.523071	0.000000
-0.992610	11430.810536	3470.523071	0.000000
-0.992610	11430.810536	3470.523071	0.000000
-0.992610	11430.810536	3470.523071	0.000000
-0.992610	11430.810536	3470.523071	0.000000
-0.992610	11430.810536	3470.523071	0.000000
-0.992610	11430.810536	3470.523071	0.000000
-0.992610	11430.810536	3470.523071	0.000000
-0.992610	11430.810536	3470.523071	0.000000
-0.992610	11430.810536	3470.523071	0.000000
-0.992610	11430.810536	3470.523071	0.000000
-0.993881	11430.818271	3470.545989	0.250192
-1.077202	11431.229945	3471.979087	2.489984
-1.430950	11430.262475	3475.258340	4.637261
-2.207527	11424.864668	3477.276411	6.734470
-2.814863	11417.550568	3479.754976	8.524338
-2.814863	11408.452977	3482.837921	10.391506
-2.814863	11397.553820	3486.531371	12.407593
-2.814863	11384.748459	3490.870786	14.378140
-2.814863	11370.943102	3495.549075	14.536351
-2.814863	11357.142626	3500.225709	14.610076
-2.814863	11343.347133	3504.900655	14.571766
-2.814863	11329.545080	3509.577824	14.579000
-2.814863	11315.755605	3514.250731	14.563513
-2.814863	11301.940110	3518.932455	14.575101
-2.814863	11288.132784	3523.611411	14.554198
-2.814863	11274.345935	3528.283427	14.633786
-2.814863	11260.546307	3532.959774	14.571019
-2.814863	11246.762554	3537.630742	14.509439
-2.814863	11233.577522	3542.098818	12.622176
-2.886476	11223.144914	3544.732185	9.382490
-3.021838	11215.499845	3545.622398	6.386424
-3.007311	11210.553705	3546.419750	3.993939
-2.958292	11207.854193	3547.322203	2.109950
-2.934002	11206.520859	3547.767940	0.923838
-2.923836	11205.963165	3547.954378	0.368688
-2.920046	11205.755238	3548.023889	0.129375
-2.918678	11205.680203	3548.048973	0.046534
-2.918199	11205.653899	3548.057766	0.016869
-2.918028	11205.644538	3548.060896	0.006052
-2.917966	11205.641139	3548.062032	0.002108
-2.917944	11205.639937	3548.062434	0.000739
-2.917936	11205.639510	3548.062577	0.000277
-2.917934	11205.639358	3548.062628	0.000097
-2.917933	11205.639303	3548.062646	0.000035
-2.917932	11205.639284	3548.062652	0.000012
-2.917488	11205.614919	3548.070797	0.256852
-2.891186	11204.170114	3548.553522	2.553038
-2.827817	11200.669108	3549.722049	4.562058
-2.819363	11195.372975	3551.489735	6.363143
-2.819450	11188.365559	3553.828593	8.296217
-2.819274	11179.399182	3556.823517	10.363549
-2.827070	11168.657984	3560.311550	12.041692
-2.830300	11156.056722	3564.366050	14.148184
-2.811138	11142.301289	3569.033478	14.518129
-2.810717	11128.528687	3573.767728	14.548088
-2.819442	11114.716430	3578.377961	14.632389
-2.826859	11100.857933	3582.909780	14.625786
-2.818067	11087.495741	3587.358984	12.905996
-2.810289	11077.061958	3590.947388	9.635882
-2.812619	11069.559174	3593.503819	6.666267
-2.813199	11064.666801	3595.170803	4.024062
-2.816683	11062.009839	3596.031936	1.291448
-2.816921	11061.892232	3596.068988	0.000000
-2.816921	11061.892232	3596.068988	0.000000
-2.816921	11061.892232	3596.068988	0.000000
-2.816921	11061.892232	3596.068988	0.000000
-2.816921	11061.892232	3596.068988	0.000000
-2.816921	11061.892232	3596.068988	0.000000
-2.816921	11061.892232	3596.068988	0.000000
-2.816921	11061.892232	3596.068988	0.000000
-2.816921	11061.892232	3596.068988	0.000000
-2.816921	11061.892232	3596.068988	0.000000
-2.816921	11061.892232	3596.068988	0.000000
-2.816921	11061.892232	3596.068988	0.000000
-2.816921	11061.892232	3596.068988	0.000000
-2.816921	11061.892232	3596.068988	0.000000
-2.816921	11061.892232	3596.068988	0.000000
-2.816921	11061.892232	3596.068988	0.000000
-2.816921	11061.892232	3596.068988	0.000000
-2.816921	11061.892232	3596.068988	0.000000
-2.816921	11061.892232	3596.068988	0.000000
-2.817068	11061.819820	3596.091802	0.507693
-2.820299	11060.224659	3596.594357	2.580838
-2.827348	11056.744955	3597.690637	4.528015
-2.836387	11051.413580	3599.370284	6.453334
-2.836387	11044.126411	3601.666105	8.666603
-2.836387	11034.805824	3604.602553	10.676619
-2.822076	11023.723206	3608.274190	12.495916
-2.821344	11010.806017	3612.558376	14.584856
-2.812323	10997.009877	3617.248144	14.606970
-2.810645	10983.239815	3621.979321	14.619565
